"","x"
"1","aac-n3-acetyltransferase"
"2","aac3"
"3","aac3-ia"
"4","aac3-ib"
"5","aac3-iid"
"6","aac3-iie"
"7","aac3-iig"
"8","aac3-iva"
"9","aac3-via"
"10","aac6'-31"
"11","aac6'-ian"
"12","aac6'-ib"
"13","aac6'-ib-cr"
"14","aac6'-iic"
"15","aac6'-il"
"16","aada"
"17","aada1"
"18","aada2"
"19","aadb"
"20","aadd1"
"21","aafa"
"22","aafb"
"23","aafc"
"24","aafd"
"25","aap"
"26","aar"
"27","aat"
"28","aata"
"29","aatb"
"30","aatc"
"31","aatd"
"32","aatp"
"33","acac"
"34","acad"
"35","accb"
"36","accc"
"37","accc-1"
"38","accd"
"39","acds"
"40","acea"
"41","acee"
"42","acef"
"43","acna"
"44","acnb"
"45","acnd"
"46","acnm"
"47","acpp"
"48","acpp_2"
"49","acpp_3"
"50","acps"
"51","acr1"
"52","acr2"
"53","acs"
"54","acsa"
"55","actp"
"56","acvb"
"57","ada"
"58","adc"
"59","add"
"60","ade"
"61","adec"
"62","adhe"
"63","adhi_2"
"64","adhp"
"65","adia"
"66","adic"
"67","adk"
"68","aepx"
"69","aepy"
"70","aer"
"71","agg3a"
"72","agg3b"
"73","agg3c"
"74","agg3d"
"75","agga"
"76","aggb"
"77","aggc"
"78","aggd"
"79","aggr"
"80","ahcy"
"81","ahpc"
"82","ahpc_2"
"83","ahpf"
"84","ail"
"85","aior"
"86","aios"
"87","aiox"
"88","alac"
"89","alas"
"90","alc"
"91","ald"
"92","alda"
"93","alia"
"94","alib"
"95","alkb"
"96","alr"
"97","alss"
"98","amap"
"99","amic_3"
"100","amif"
"101","amn"
"102","ampc"
"103","ampe"
"104","amph"
"105","ampr"
"106","amrb"
"107","amya"
"108","anr"
"109","ant1"
"110","anta"
"111","antb"
"112","antc"
"113","apbc"
"114","aph"
"115","aph2''-ia"
"116","aph3'-i"
"117","aph3'-iiia"
"118","aph3'-xv"
"119","aph3''-ib"
"120","aph4-ia"
"121","aph6-ic"
"122","aqpz"
"123","aqpz2"
"124","araa"
"125","arac"
"126","arad"
"127","arag"
"128","arah"
"129","arca"
"130","arcb_2"
"131","arcc"
"132","arcd"
"133","ardb"
"134","ardk"
"135","ardr"
"136","arfb"
"137","argc"
"138","arge"
"139","argf"
"140","argg"
"141","argh"
"142","argj"
"143","args"
"144","arir"
"145","arma"
"146","arna"
"147","arnb"
"148","arnc"
"149","arnd"
"150","arne"
"151","arnf"
"152","arnt"
"153","arob"
"154","aroc"
"155","aroe"
"156","aroe_2"
"157","arog"
"158","aroq"
"159","aroq_2"
"160","arr"
"161","arsa"
"162","arsa_1"
"163","arsa_2"
"164","arsa_3"
"165","arsa_4"
"166","arsb"
"167","arsb_2"
"168","arsc"
"169","arsc_3"
"170","arsd"
"171","arsd_1"
"172","arsd_2"
"173","arsh"
"174","arsj"
"175","arsk"
"176","arsm"
"177","arsn2"
"178","arsr"
"179","arsr2"
"180","arsr2_2"
"181","artm"
"182","artp"
"183","artq"
"184","ascb"
"185","ascf"
"186","asd"
"187","asnb"
"188","asns"
"189","asp1"
"190","asp2"
"191","asp3"
"192","aspa"
"193","aspb_2"
"194","asps"
"195","aspt"
"196","asta"
"197","astb"
"198","astd"
"199","aste"
"200","atpa"
"201","atpb"
"202","atpc_2"
"203","atpd"
"204","atpe"
"205","atpg"
"206","atxa"
"207","atzd"
"208","atzf"
"209","avd"
"210","avrbst"
"211","azlc"
"212","azor"
"213","azor_2"
"214","bacd"
"215","badh"
"216","badi"
"217","baer"
"218","bama"
"219","bamb"
"220","bame"
"221","bar"
"222","bcme"
"223","bcn_2"
"224","bcn_3"
"225","bcra"
"226","bcrb"
"227","bcrc"
"228","bcsa"
"229","bcsb"
"230","bcse"
"231","bcsg"
"232","bcsn"
"233","bcsq"
"234","bcsz"
"235","bdca"
"236","bdha-1"
"237","bena"
"238","benb"
"239","benc"
"240","bend"
"241","bet"
"242","beta"
"243","betb"
"244","betc"
"245","beti"
"246","bett"
"247","bfpb"
"248","bfpd"
"249","bfpe"
"250","bfr"
"251","bglf"
"252","bglg"
"253","bglx"
"254","bigr"
"255","bin3"
"256","bioa"
"257","biob"
"258","bioc"
"259","biod"
"260","biof"
"261","bioi"
"262","bktb"
"263","bla"
"264","blacmy"
"265","blactx-m"
"266","blactx-m-2"
"267","blactx-m-55"
"268","blactxm-15"
"269","bladha"
"270","blafona"
"271","blages"
"272","blai"
"273","blakpc-2"
"274","blandm"
"275","blaoxa"
"276","blaoxa-1"
"277","blaoxa-2"
"278","blar1"
"279","blatem"
"280","blatem-1"
"281","blatem-1b"
"282","blaz"
"283","blc"
"284","ble"
"285","bleo"
"286","blh"
"287","blly"
"288","blub"
"289","bluf"
"290","blur"
"291","bmae"
"292","bper"
"293","bphb"
"294","bphc"
"295","bpla"
"296","bplb"
"297","bpsa"
"298","bpsb"
"299","bpsc"
"300","bpsd"
"301","bpse"
"302","bpsf"
"303","bpsg"
"304","bpsx"
"305","brkb"
"306","brxc"
"307","brxd"
"308","brxl"
"309","bsh"
"310","bsph"
"311","btsr"
"312","btub"
"313","buda"
"314","c1.100"
"315","c8"
"316","cada"
"317","cadc"
"318","cadd"
"319","cadr"
"320","caid"
"321","capu"
"322","cara"
"323","carb"
"324","carh"
"325","cas1"
"326","cas10"
"327","cas12a"
"328","cas1c"
"329","cas1e"
"330","cas1f"
"331","cas2"
"332","cas2e"
"333","cas3"
"334","cas4"
"335","cas5"
"336","cas5b"
"337","cas5c"
"338","cas5e"
"339","cas5fv"
"340","cas6"
"341","cas6e"
"342","cas6f"
"343","cas7c"
"344","cas7e"
"345","cas7fv"
"346","cas8c"
"347","casa"
"348","casb"
"349","cat"
"350","cat leader peptide gene"
"351","cata"
"352","catb"
"353","catc"
"354","cate"
"355","cax"
"356","cba"
"357","cbbx"
"358","cbi"
"359","cbib"
"360","cbid"
"361","cbie"
"362","cbim"
"363","cbiq"
"364","cbta"
"365","ccda"
"366","ccda_1"
"367","ccda_2"
"368","ccdb"
"369","ccdb_1"
"370","ccdb_2"
"371","ccgai"
"372","ccgaii"
"373","ccgc"
"374","ccgd"
"375","ccma"
"376","ccmb"
"377","ccmc"
"378","ccmd"
"379","ccme"
"380","ccmi"
"381","ccog"
"382","ccon"
"383","ccoo"
"384","ccop"
"385","ccos"
"386","ccra"
"387","ccsb"
"388","cdd"
"389","cdia"
"390","cdib_3"
"391","cdii"
"392","cdta"
"393","cdtb"
"394","cdtc"
"395","cea"
"396","cecr"
"397","celb"
"398","cexe"
"399","cfa"
"400","cfaa"
"401","cfab"
"402","cfac"
"403","cfad"
"404","cfad_2"
"405","cfae"
"406","cfr"
"407","cfrc"
"408","cgka"
"409","chba"
"410","chbc"
"411","chbg"
"412","chbr"
"413","chea"
"414","cheb"
"415","cheb1"
"416","ched"
"417","chem"
"418","cher"
"419","chew-2"
"420","chey"
"421","chey_2"
"422","chez"
"423","chez_2"
"424","chow"
"425","chox"
"426","chra"
"427","chrb"
"428","chve"
"429","chvh"
"430","cia"
"431","cib"
"432","cif"
"433","citc"
"434","citd"
"435","cite"
"436","citf"
"437","citg"
"438","citx"
"439","clca"
"440","cld"
"441","clpa"
"442","clpb"
"443","clpb_2"
"444","clpc"
"445","clpk"
"446","clpp"
"447","clps"
"448","clpx"
"449","cls"
"450","clsa"
"451","clsb"
"452","cma"
"453","cmdf"
"454","cmi"
"455","cml"
"456","cmla1"
"457","cmpa"
"458","cmr1"
"459","cmr4"
"460","cmr5"
"461","cmr6"
"462","cmx"
"463","cmx8"
"464","cnf2"
"465","cni"
"466","coabc"
"467","coad"
"468","coae"
"469","coba"
"470","cobb"
"471","cobd"
"472","cobf"
"473","cobg"
"474","cobh"
"475","cobi"
"476","cobj"
"477","cobk"
"478","cobm"
"479","cobn"
"480","cobo"
"481","cobs"
"482","cobt"
"483","cobw"
"484","coda"
"485","codb"
"486","cofc"
"487","cofd"
"488","cofe"
"489","cofg"
"490","cofh"
"491","coi"
"492","cola"
"493","comd"
"494","come"
"495","cooa"
"496","coob"
"497","cood"
"498","cooxm"
"499","copa"
"500","copa_2"
"501","copa_3"
"502","copb"
"503","copc"
"504","copd"
"505","copk"
"506","copl"
"507","copr"
"508","copz"
"509","coq7"
"510","cora"
"511","cora_2"
"512","coxb"
"513","coxm"
"514","coxn"
"515","coxo"
"516","coxp"
"517","coxs"
"518","cpab"
"519","cpda_2"
"520","cpea"
"521","cpeb"
"522","cpta"
"523","cra"
"524","crcb"
"525","cre"
"526","crea"
"527","creb"
"528","crec"
"529","cred"
"530","crl"
"531","crti"
"532","crty"
"533","cry2ab"
"534","csa"
"535","csdc"
"536","csdd"
"537","csf1"
"538","csf2"
"539","csf3"
"540","csf4"
"541","csfa"
"542","csfb"
"543","csfc"
"544","csfd"
"545","csfe"
"546","csff"
"547","csfr"
"548","csgh"
"549","csi"
"550","csid"
"551","csl"
"552","csm2"
"553","csm3"
"554","csm5"
"555","csm6"
"556","csob"
"557","csor"
"558","cspa"
"559","cspf"
"560","cspg"
"561","csra"
"562","cssa"
"563","cssb"
"564","cssc"
"565","cssd"
"566","csta"
"567","cstb"
"568","cstc"
"569","cstd"
"570","cste"
"571","cstf"
"572","cstg"
"573","csth"
"574","cstr"
"575","csva"
"576","csvb"
"577","csvc"
"578","csvd"
"579","csve"
"580","csvf"
"581","csvr"
"582","csy2"
"583","csy3"
"584","cta"
"585","ctad"
"586","ctfa"
"587","ctfb"
"588","cti"
"589","ctl"
"590","cueo"
"591","cuer"
"592","cui"
"593","cusa_2"
"594","cusb_2"
"595","cusc_3"
"596","cusf"
"597","cusf_2"
"598","cusr"
"599","cusr_2"
"600","cuss_2"
"601","cuss_3"
"602","cuta"
"603","cvac"
"604","cvi"
"605","cya"
"606","cyaa"
"607","cyab"
"608","cyay"
"609","cybb"
"610","cybh"
"611","cydb"
"612","cydc"
"613","cydd"
"614","cydx"
"615","cynr"
"616","cyns"
"617","cynt"
"618","cyoa"
"619","cyoa-2"
"620","cyob"
"621","cyob_2"
"622","cyoc"
"623","cyoc_2"
"624","cyod"
"625","cysc"
"626","cysc-2"
"627","cysd"
"628","cyse"
"629","cyse_1"
"630","cyse_2"
"631","cysg"
"632","cysi"
"633","cysi_2"
"634","cysm"
"635","cysm_2"
"636","cysn"
"637","cysq"
"638","cyss"
"639","cyst"
"640","cysw"
"641","cysz"
"642","czca"
"643","czcb"
"644","czcc"
"645","czce"
"646","czci"
"647","czcn"
"648","czcr"
"649","czcs"
"650","dacb"
"651","dada"
"652","dadx"
"653","dam_2"
"654","dan"
"655","dapa"
"656","dapa4"
"657","dapb"
"658","dapc"
"659","dapd"
"660","dape"
"661","dapf"
"662","dara"
"663","darb"
"664","dat"
"665","daua"
"666","dbp"
"667","dbpa"
"668","dbpb"
"669","dcd"
"670","dcm"
"671","dcm_2"
"672","dcm1"
"673","dcm2"
"674","dcm3"
"675","dcta"
"676","dcta_3"
"677","dctd"
"678","dctp"
"679","dcuc"
"680","dcur"
"681","dcus"
"682","ddra"
"683","ddrb"
"684","def"
"685","def_1"
"686","def_2"
"687","deoa"
"688","deoc"
"689","deod"
"690","der"
"691","devc"
"692","dfra1"
"693","dfra10"
"694","dfra12"
"695","dfra14"
"696","dfra16"
"697","dfra17"
"698","dfra19"
"699","dfra23"
"700","dfra27"
"701","dfra3b"
"702","dfra47"
"703","dfra5"
"704","dfra7"
"705","dfra8"
"706","dfrb2"
"707","dfre"
"708","dfrg"
"709","dgt"
"710","dgt_2"
"711","dhak"
"712","dhal"
"713","dham"
"714","dhar"
"715","dhat"
"716","dhba"
"717","dhfr"
"718","dhfr15"
"719","dinb"
"720","dinb1_3"
"721","dinb1_4"
"722","ding"
"723","dini"
"724","dini-like"
"725","djla"
"726","dkgb"
"727","dksa"
"728","dld"
"729","dltb"
"730","dltc"
"731","dltd"
"732","dlte_2"
"733","dmef"
"734","dmpe"
"735","dmpg"
"736","dmph"
"737","dmsb"
"738","dnaa"
"739","dnab"
"740","dnab_2"
"741","dnac"
"742","dnae"
"743","dnae2"
"744","dnag"
"745","dnaj"
"746","dnak"
"747","dnak_2"
"748","dnan"
"749","dnaq"
"750","dnax"
"751","dndb"
"752","dndc"
"753","dndd"
"754","dnde"
"755","doc"
"756","doea"
"757","doeb"
"758","dota"
"759","dotb"
"760","dotd"
"761","dpaa"
"762","dpda"
"763","dpdd"
"764","dpde"
"765","dpdf"
"766","dpdg"
"767","dpdh"
"768","dpdj"
"769","dpdk"
"770","dpra"
"771","drfa14"
"772","drma"
"773","drmc"
"774","drmd"
"775","dsba"
"776","dsba_2"
"777","dsbb"
"778","dsbc"
"779","dsbd"
"780","dsbg"
"781","dsdc"
"782","dsdx"
"783","dusa"
"784","dut"
"785","dxs"
"786","eat"
"787","eata"
"788","eata_1"
"789","eata_2"
"790","eata_3"
"791","eata_4"
"792","eata_5"
"793","eboe"
"794","ecca"
"795","eccb"
"796","eccca"
"797","ecccb"
"798","eccd"
"799","ecce"
"800","ecoriir"
"801","ecta"
"802","ectb"
"803","eda"
"804","edd"
"805","eexn"
"806","efeb"
"807","efeo"
"808","efp"
"809","egl"
"810","egtd"
"811","ehua"
"812","ehub"
"813","ehuc"
"814","ehud"
"815","ehxa"
"816","ehxb"
"817","ehxc"
"818","ehxd"
"819","elbb"
"820","elta"
"821","eltb"
"822","emra_2"
"823","emrd"
"824","emta"
"825","eno"
"826","ents"
"827","epea"
"828","epma"
"829","epmb"
"830","epta"
"831","eptb"
"832","epto"
"833","erea"
"834","erm"
"835","erm42"
"836","ermb"
"837","ermc"
"838","ermcl"
"839","erpa"
"840","espi"
"841","espk"
"842","espp"
"843","espt"
"844","esta2"
"845","esta3/4"
"846","estx"
"847","etb"
"848","etpa"
"849","etpb"
"850","etpc"
"851","etpd"
"852","etta"
"853","euta"
"854","eutb"
"855","eutc"
"856","exbb"
"857","exbd"
"858","exc"
"859","exc1"
"860","exc2"
"861","exca"
"862","exo"
"863","exox"
"864","exoy"
"865","fabb"
"866","fabd"
"867","fabf"
"868","fabf_3"
"869","fabg"
"870","fabg_3"
"871","fabg_4"
"872","fabi"
"873","fabz"
"874","fada"
"875","fadb"
"876","fadd"
"877","fade"
"878","fadl"
"879","fadr"
"880","fae"
"881","faed"
"882","faee"
"883","faef"
"884","faeh"
"885","faei"
"886","faej"
"887","faha"
"888","fba"
"889","fbab"
"890","fbpa"
"891","fbpc"
"892","fdh3b"
"893","fdha"
"894","fdha_2"
"895","fdhd"
"896","fdhd_2"
"897","fdhe"
"898","fdhf"
"899","fdng"
"900","fdni"
"901","fdxb"
"902","fdxh"
"903","feca"
"904","fecb"
"905","fecc"
"906","fecd"
"907","fece"
"908","feci"
"909","fecr"
"910","fema"
"911","feob"
"912","fepb"
"913","fes"
"914","fetb"
"915","fexa"
"916","fexb"
"917","ffh"
"918","fgha"
"919","fhcd"
"920","fhub"
"921","fhue"
"922","fhuf"
"923","fim41a"
"924","fimt"
"925","fino"
"926","fino_1"
"927","fino_2"
"928","fino_3"
"929","fixj"
"930","fixl"
"931","flda"
"932","flga"
"933","flgb"
"934","flgc"
"935","flgc_1"
"936","flgc_2"
"937","flgd"
"938","flgd_1"
"939","flgd_2"
"940","flge"
"941","flgf"
"942","flgf_1"
"943","flgf_2"
"944","flgg"
"945","flgg_1"
"946","flgg_2"
"947","flgh"
"948","flgh_1"
"949","flgh_2"
"950","flgi"
"951","flgi_1"
"952","flgi_2"
"953","flgj"
"954","flgk"
"955","flgl"
"956","flgm"
"957","flha"
"958","flha_1"
"959","flha_2"
"960","flhb"
"961","flhc"
"962","flhd"
"963","flhf"
"964","flia"
"965","flic"
"966","flid"
"967","flie"
"968","flif"
"969","flig"
"970","flih"
"971","flii"
"972","flij"
"973","flil"
"974","flim"
"975","flin"
"976","flio"
"977","flip"
"978","flip_1"
"979","flip_2"
"980","fliq"
"981","flir"
"982","flis"
"983","flor"
"984","fmt"
"985","fni"
"986","fnr"
"987","folb"
"988","folc"
"989","fold"
"990","fole"
"991","fole2"
"992","folk"
"993","folp"
"994","fosb"
"995","frc"
"996","fre"
"997","frma"
"998","frmr"
"999","frr"
"1000","frsa"
"1001","frua"
"1002","frub"
"1003","frur"
"1004","fsa"
"1005","ftsa"
"1006","ftsb"
"1007","ftse"
"1008","ftsh"
"1009","ftsl"
"1010","ftsw"
"1011","ftsx"
"1012","ftsy"
"1013","ftsz"
"1014","fuco"
"1015","fucp"
"1016","fuma"
"1017","fumc"
"1018","fumd"
"1019","fur"
"1020","fur_2"
"1021","fusa"
"1022","fusa1"
"1023","fxst"
"1024","fyua"
"1025","gabd"
"1026","gabd_2"
"1027","gabp"
"1028","gabt"
"1029","gale"
"1030","galk"
"1031","galt"
"1032","galu"
"1033","galu_2"
"1034","gap"
"1035","gard"
"1036","garl"
"1037","gata"
"1038","gatb"
"1039","gatc"
"1040","gbpa"
"1041","gcl"
"1042","gcva"
"1043","gcvh"
"1044","gcvp"
"1045","gcvpa"
"1046","gcvpb"
"1047","gcvt"
"1048","gdh"
"1049","gdha"
"1050","gfa"
"1051","ggt"
"1052","ggua"
"1053","ggub"
"1054","glah"
"1055","glcc"
"1056","glcd"
"1057","glce"
"1058","glcf"
"1059","glf"
"1060","glga"
"1061","glgb"
"1062","glgb1"
"1063","glgc"
"1064","glgd"
"1065","glge"
"1066","glgp"
"1067","glgx"
"1068","glk"
"1069","glmm"
"1070","glms"
"1071","glmu"
"1072","glna"
"1073","glnb"
"1074","glnd"
"1075","glne"
"1076","glnh"
"1077","glnk"
"1078","glnp"
"1079","glnq"
"1080","glnq_2"
"1081","glns"
"1082","glnt"
"1083","gloa"
"1084","glob"
"1085","glpa"
"1086","glpb"
"1087","glpc"
"1088","glpd"
"1089","glpk"
"1090","glpt"
"1091","glpx"
"1092","glsa"
"1093","glsb"
"1094","glta"
"1095","gltb"
"1096","gltk"
"1097","glts"
"1098","gltx"
"1099","glxr"
"1100","glya"
"1101","glya2"
"1102","gmd"
"1103","gmha"
"1104","gmhb"
"1105","gmk"
"1106","gmtx"
"1107","gmty"
"1108","gnd"
"1109","gnda"
"1110","gnpa"
"1111","gor"
"1112","gora"
"1113","gph"
"1114","gpma"
"1115","gppa"
"1116","gpr"
"1117","gps"
"1118","gpt"
"1119","gpw"
"1120","gpz"
"1121","grea"
"1122","groel"
"1123","groes"
"1124","groes-2"
"1125","grol"
"1126","grpe"
"1127","grxc"
"1128","grxd"
"1129","gsha"
"1130","gshab"
"1131","gshb"
"1132","gsib"
"1133","gsic"
"1134","gsid"
"1135","gspc"
"1136","gspd"
"1137","gspe"
"1138","gspf"
"1139","gspg"
"1140","gsph"
"1141","gspi"
"1142","gspj"
"1143","gspk"
"1144","gspl"
"1145","gspm"
"1146","gsps"
"1147","gsta"
"1148","gtda"
"1149","gtfa"
"1150","gtfb"
"1151","guaa"
"1152","guab"
"1153","guad"
"1154","gudd"
"1155","gudp"
"1156","gutb"
"1157","gvpa"
"1158","gvpn"
"1159","gwsg"
"1160","gwss"
"1161","gyra"
"1162","gyrb"
"1163","hada"
"1164","hasa"
"1165","hbp"
"1166","hcab"
"1167","hcha"
"1168","hcp"
"1169","hda"
"1170","hdaa"
"1171","hdab"
"1172","hdac"
"1173","hdad"
"1174","hdeb"
"1175","hded-gi"
"1176","hdf"
"1177","hdfr"
"1178","held"
"1179","hema"
"1180","hemb"
"1181","hemc"
"1182","hemd"
"1183","heme"
"1184","hemf"
"1185","hemg"
"1186","hemh"
"1187","hemj"
"1188","heml"
"1189","hemn"
"1190","hemw"
"1191","hemx"
"1192","hemy"
"1193","hflc"
"1194","hfld"
"1195","hflk"
"1196","hflx"
"1197","hfq"
"1198","hha"
"1199","hha_1"
"1200","hha_2"
"1201","hha_4"
"1202","higa"
"1203","higa_1"
"1204","higa_2"
"1205","higa_3"
"1206","higa_4"
"1207","higa1_2"
"1208","higa1_3"
"1209","higb"
"1210","higb-2"
"1211","hild"
"1212","hin_1; hin_2"
"1213","hipa_1"
"1214","hipa_2"
"1215","hisb"
"1216","hisc"
"1217","hisd"
"1218","hisf"
"1219","hisg"
"1220","hish"
"1221","hisi"
"1222","hisie"
"1223","hisn"
"1224","hisp"
"1225","hisq"
"1226","hiss"
"1227","hlya"
"1228","hlyc"
"1229","hlyd"
"1230","hlye"
"1231","hlyf"
"1232","hmga"
"1233","hmpa"
"1234","hmsf"
"1235","hmsh"
"1236","hmsr"
"1237","hmus"
"1238","hok"
"1239","hoka"
"1240","hokb"
"1241","hokb_1"
"1242","hokb_2"
"1243","hokd"
"1244","hola"
"1245","hole_1"
"1246","hole_3"
"1247","hopaj1"
"1248","hopd1"
"1249","hopg1"
"1250","hpac"
"1251","hpad"
"1252","hpae"
"1253","hpah"
"1254","hpai"
"1255","hpar"
"1256","hpba"
"1257","hpbd"
"1258","hpnc"
"1259","hpnd"
"1260","hpne"
"1261","hpnh"
"1262","hpni"
"1263","hpnj"
"1264","hpnk"
"1265","hppd"
"1266","hprk"
"1267","hpxz"
"1268","hrcc"
"1269","hrcj"
"1270","hrcn"
"1271","hrcr"
"1272","hrcs"
"1273","hrct"
"1274","hrcu"
"1275","hrpb"
"1276","hrpb2"
"1277","hrpd5"
"1278","hrpg_1"
"1279","hrpg_2"
"1280","hrpg_3"
"1281","hsca"
"1282","hslo"
"1283","hslu"
"1284","hslv"
"1285","hsp20"
"1286","hsp20-gi"
"1287","hspa"
"1288","hspq"
"1289","htdt"
"1290","htpg"
"1291","htpx_2"
"1292","hup"
"1293","hutc"
"1294","hutg"
"1295","huth"
"1296","huth-1"
"1297","huti"
"1298","hutu"
"1299","hutw"
"1300","hutx"
"1301","hutz"
"1302","hxla"
"1303","hxlb"
"1304","hxsa"
"1305","hxsb"
"1306","hxsc"
"1307","hxsd"
"1308","hybe"
"1309","hyci"
"1310","hyda"
"1311","hyfb"
"1312","hyfe"
"1313","hyi"
"1314","hypa"
"1315","hypb"
"1316","hypc"
"1317","hypd"
"1318","hype"
"1319","hypf"
"1320","iaah"
"1321","icab"
"1322","icab_2"
"1323","icab_3"
"1324","icad"
"1325","icc"
"1326","icd"
"1327","icmh"
"1328","icmp"
"1329","icmq"
"1330","icmt"
"1331","icmv"
"1332","icmw"
"1333","icmx"
"1334","icsa"
"1335","icsb"
"1336","icsp"
"1337","idi"
"1338","idnd"
"1339","idno"
"1340","iha"
"1341","iia"
"1342","iib"
"1343","iles"
"1344","ilva"
"1345","ilvb"
"1346","ilvc"
"1347","ilvd"
"1348","ilve"
"1349","ilvg"
"1350","ilvl"
"1351","ilvm"
"1352","ilvn"
"1353","ilvx"
"1354","ilvy"
"1355","imm"
"1356","imua"
"1357","incc"
"1358","infa"
"1359","infb"
"1360","infc"
"1361","insa"
"1362","insb"
"1363","insd_12"
"1364","insd_13"
"1365","insd_14"
"1366","insd_15"
"1367","insd_16"
"1368","insd_17"
"1369","insd_18"
"1370","insd_19"
"1371","insd_20"
"1372","insd_21"
"1373","insd_22"
"1374","insd_23"
"1375","insd_24"
"1376","insd_25"
"1377","insd1"
"1378","insi"
"1379","inti1"
"1380","inti2"
"1381","iolb"
"1382","iolc"
"1383","iold"
"1384","iole"
"1385","iolg"
"1386","ipaa"
"1387","ipab"
"1388","ipac"
"1389","ipad"
"1390","ipah1.4"
"1391","ipah2.5"
"1392","ipah4.5"
"1393","ipah7.8"
"1394","ipah9.8"
"1395","ipaj"
"1396","ipga"
"1397","ipgb1"
"1398","ipgb2"
"1399","ipgc"
"1400","ipge"
"1401","ipgf"
"1402","iram"
"1403","irlr"
"1404","irob"
"1405","iroc"
"1406","irod"
"1407","iroe"
"1408","iron"
"1409","irp1"
"1410","irp2"
"1411","is1414"
"1412","is186b"
"1413","is4321r"
"1414","is91"
"1415","isca"
"1416","iscb"
"1417","iscs_2"
"1418","iscu"
"1419","ispd"
"1420","ispe"
"1421","ispf"
"1422","ispg"
"1423","isph"
"1424","isps1"
"1425","isps2"
"1426","iss"
"1427","ista"
"1428","ista_1"
"1429","ista_2"
"1430","istb"
"1431","isvsa5"
"1432","iuca"
"1433","iucb"
"1434","iucc"
"1435","iucd"
"1436","iuta"
"1437","ivy"
"1438","jema"
"1439","jemb"
"1440","jemc"
"1441","katb"
"1442","kate"
"1443","katg"
"1444","katp"
"1445","kbl"
"1446","kdgd"
"1447","kdgk"
"1448","kdgr"
"1449","kdgt"
"1450","kdpa"
"1451","kdpb"
"1452","kdpc"
"1453","kdpe"
"1454","kdpf"
"1455","kdsa"
"1456","kdsb"
"1457","kdud"
"1458","kdui"
"1459","kefb-gi"
"1460","kfra"
"1461","kgtp"
"1462","kila"
"1463","klab"
"1464","klac"
"1465","klca"
"1466","klca_2"
"1467","klcb"
"1468","klea"
"1469","kleb"
"1470","klee"
"1471","kop"
"1472","kora"
"1473","korb"
"1474","korc"
"1475","kup"
"1476","kup_2"
"1477","kyna"
"1478","kynu"
"1479","laca"
"1480","lacb"
"1481","lacc"
"1482","lacd"
"1483","lacg"
"1484","laci"
"1485","lacy"
"1486","lacz"
"1487","lafu"
"1488","lagd"
"1489","lamb"
"1490","lankc"
"1491","lanm"
"1492","lapb"
"1493","lara"
"1494","larb"
"1495","larc"
"1496","lare"
"1497","lcib"
"1498","lcrd"
"1499","lcrg"
"1500","lcrh"
"1501","lcro"
"1502","lcrq"
"1503","lcrr"
"1504","lcrv"
"1505","ldca"
"1506","ldrp"
"1507","ldtb"
"1508","lepa"
"1509","lepb"
"1510","letb"
"1511","leua"
"1512","leua_2"
"1513","leub"
"1514","leuc"
"1515","leud"
"1516","leue"
"1517","leus"
"1518","lexa"
"1519","lexa_5"
"1520","lexa_6"
"1521","lgt"
"1522","lhgo"
"1523","lif"
"1524","liga"
"1525","ligd"
"1526","ligk"
"1527","lipa"
"1528","livf_7"
"1529","livg"
"1530","livh"
"1531","livh_7"
"1532","livm"
"1533","lldd"
"1534","lldp"
"1535","lldr"
"1536","lnga"
"1537","lngb"
"1538","lngc"
"1539","lngd"
"1540","lnge"
"1541","lngf"
"1542","lngg"
"1543","lngh"
"1544","lngi"
"1545","lngj"
"1546","lngp"
"1547","lngr"
"1548","lngs"
"1549","lngt"
"1550","lngx1"
"1551","lngx2"
"1552","lnt"
"1553","lnub"
"1554","lnuf"
"1555","lnug"
"1556","lnuh"
"1557","lola"
"1558","lolb"
"1559","lold"
"1560","lon"
"1561","lov"
"1562","lpa"
"1563","lpca"
"1564","lpda"
"1565","lpta"
"1566","lptb"
"1567","lptb_4"
"1568","lptc"
"1569","lpte"
"1570","lptf"
"1571","lptg"
"1572","lpxa"
"1573","lpxb"
"1574","lpxc"
"1575","lpxd"
"1576","lpxk"
"1577","lpxm"
"1578","lpxp"
"1579","lqo"
"1580","lrgb"
"1581","lsae"
"1582","lsoa"
"1583","lsob"
"1584","lspa"
"1585","lspd"
"1586","lspg"
"1587","lspj"
"1588","lss"
"1589","ltae"
"1590","ltra"
"1591","ltra_1"
"1592","ltra_10"
"1593","ltra_2"
"1594","ltra_3"
"1595","ltra_4"
"1596","ltra_5"
"1597","ltra_6"
"1598","ltra_7"
"1599","ltra_8"
"1600","ltra_9"
"1601","lxc"
"1602","lyda"
"1603","lydb"
"1604","lys"
"1605","lysa"
"1606","lysa_2"
"1607","lysb"
"1608","lysc"
"1609","lyss"
"1610","maa"
"1611","macb"
"1612","madl"
"1613","madm"
"1614","maia"
"1615","male"
"1616","malf"
"1617","malg"
"1618","malk"
"1619","malm"
"1620","malp"
"1621","malq"
"1622","malt"
"1623","mana"
"1624","maop"
"1625","map"
"1626","mat"
"1627","mazf"
"1628","mazg"
"1629","mbed"
"1630","mbth"
"1631","mcbe"
"1632","mce"
"1633","mch"
"1634","mcja"
"1635","mco"
"1636","mcr-9"
"1637","mcrc"
"1638","mctp"
"1639","mctr"
"1640","mcts"
"1641","mdca"
"1642","mdcb"
"1643","mdcc"
"1644","mdce"
"1645","mdcg"
"1646","mdch"
"1647","mdeb"
"1648","mdlc"
"1649","mdod"
"1650","mdoh"
"1651","mdtc"
"1652","mdtd"
"1653","mdtn"
"1654","meab"
"1655","mefa"
"1656","mefb"
"1657","mefc"
"1658","megl"
"1659","mehs"
"1660","mel"
"1661","menc"
"1662","mend"
"1663","meng"
"1664","mepm_2"
"1665","mera"
"1666","mera_2"
"1667","merb"
"1668","merb1"
"1669","merba"
"1670","merc"
"1671","merd"
"1672","mere"
"1673","merf"
"1674","merg"
"1675","merp"
"1676","merr"
"1677","merr2"
"1678","mert"
"1679","mertp"
"1680","metb"
"1681","metc"
"1682","mete"
"1683","metf"
"1684","metg"
"1685","meth"
"1686","metk"
"1687","metn"
"1688","metq"
"1689","metr"
"1690","metw"
"1691","mexa"
"1692","mexb"
"1693","mexe"
"1694","mexf"
"1695","mfd"
"1696","mftd"
"1697","mgra"
"1698","mgta"
"1699","mgte"
"1700","mhpd"
"1701","mhpe"
"1702","mhpf"
"1703","mhpt"
"1704","miaa"
"1705","miab"
"1706","minc"
"1707","mind"
"1708","mine"
"1709","mkrj"
"1710","mlad"
"1711","mlae"
"1712","mltb"
"1713","mltg"
"1714","mmsa"
"1715","mmsa_2"
"1716","mmsa-1"
"1717","mmsb"
"1718","mmum"
"1719","mmup"
"1720","mnhg"
"1721","mnma"
"1722","mnmc"
"1723","mnmd"
"1724","mnme"
"1725","mnmg"
"1726","mnmh"
"1727","mnth1"
"1728","mntp"
"1729","mntr"
"1730","moaa"
"1731","moab"
"1732","moba"
"1733","mobb"
"1734","mobc"
"1735","mobd"
"1736","mobe"
"1737","mobi"
"1738","mobl"
"1739","mobx"
"1740","moda"
"1741","modb"
"1742","modc"
"1743","modd"
"1744","moea"
"1745","moeb"
"1746","mog"
"1747","mok"
"1748","mota"
"1749","motb"
"1750","mph"
"1751","mpha"
"1752","mphb"
"1753","mphm"
"1754","mphn"
"1755","mphra"
"1756","mpl"
"1757","mprf"
"1758","mqo"
"1759","mraz"
"1760","mrda"
"1761","mrec"
"1762","mred"
"1763","mrka"
"1764","mrkb"
"1765","mrkc"
"1766","mrkd"
"1767","mrkf"
"1768","mrki"
"1769","mrxa"
"1770","msba"
"1771","msbb_2"
"1772","msbb_3"
"1773","msbb'"
"1774","msbb2"
"1775","mscl"
"1776","msha"
"1777","msha_1"
"1778","msha_2"
"1779","mshl"
"1780","msra"
"1781","msrb"
"1782","msrd"
"1783","msre"
"1784","msrg"
"1785","msrp"
"1786","msue"
"1787","mtna"
"1788","mtr"
"1789","muca"
"1790","mucb"
"1791","mug"
"1792","mupa"
"1793","mura"
"1794","murb"
"1795","murc"
"1796","murd"
"1797","muri"
"1798","murj"
"1799","murq"
"1800","muth"
"1801","mutl"
"1802","mutm"
"1803","muts"
"1804","muty"
"1805","mxia"
"1806","mxic"
"1807","mxid"
"1808","mxie"
"1809","mxig"
"1810","mxih"
"1811","mxii"
"1812","mxij"
"1813","mxim"
"1814","mxin"
"1815","mycp"
"1816","nac"
"1817","nada"
"1818","nadb"
"1819","nadb_2"
"1820","nadc"
"1821","nadd"
"1822","nade"
"1823","nadx"
"1824","naga"
"1825","nagb"
"1826","nage"
"1827","nagz"
"1828","nahc"
"1829","nahr"
"1830","nana"
"1831","nanr"
"1832","napa"
"1833","nape"
"1834","napf"
"1835","napg"
"1836","naph"
"1837","narg"
"1838","narh"
"1839","nari"
"1840","narj"
"1841","nark"
"1842","narl"
"1843","narq"
"1844","naru_2"
"1845","nasa"
"1846","ndhc"
"1847","ndk"
"1848","neub"
"1849","neuc"
"1850","nfi"
"1851","nfrb"
"1852","nfrc"
"1853","ngg"
"1854","ngrc"
"1855","nhaa"
"1856","nhab"
"1857","nhac"
"1858","nhad"
"1859","nhar"
"1860","nifa"
"1861","nifb"
"1862","nifd"
"1863","nife"
"1864","nifh"
"1865","nifj"
"1866","nifk"
"1867","nifn"
"1868","nifs"
"1869","nifs_1"
"1870","nifs_2"
"1871","nift"
"1872","nifv"
"1873","nifw"
"1874","nifx"
"1875","nika"
"1876","nika_1"
"1877","nika_2"
"1878","nikb"
"1879","nikb_2"
"1880","nikb_3"
"1881","nikr"
"1882","nira"
"1883","nirb"
"1884","nird"
"1885","nird-2"
"1886","nirj"
"1887","nirk"
"1888","nlea"
"1889","nlpm"
"1890","noc"
"1891","noc_2"
"1892","noda"
"1893","nodb"
"1894","nodc"
"1895","nodd1"
"1896","nodd2"
"1897","nodd3"
"1898","nodi"
"1899","nodj"
"1900","nods"
"1901","nodu"
"1902","nodx"
"1903","nodz"
"1904","noei"
"1905","nolb"
"1906","nole"
"1907","nolo"
"1908","nolt"
"1909","nolu"
"1910","nolv"
"1911","nolw"
"1912","nopl"
"1913","nopp"
"1914","nopx"
"1915","norr"
"1916","nosf"
"1917","nosz"
"1918","npdg"
"1919","nqre"
"1920","nqrf"
"1921","nqrm"
"1922","nrcr"
"1923","nrda"
"1924","nrdb"
"1925","nrdd"
"1926","nrde"
"1927","nrdf"
"1928","nrdg"
"1929","nrdh"
"1930","nrdi"
"1931","nrdr"
"1932","nrfb"
"1933","nrts"
"1934","nth"
"1935","ntha"
"1936","nthb"
"1937","ntrb"
"1938","nuc"
"1939","nuc_1"
"1940","nuc_2"
"1941","nudj"
"1942","nuob"
"1943","nuoc"
"1944","nuod"
"1945","nuoe"
"1946","nuof"
"1947","nuog"
"1948","nuoh"
"1949","nuoi"
"1950","nuoj"
"1951","nuok"
"1952","nuol"
"1953","nuon"
"1954","nusa"
"1955","nusb"
"1956","nusg"
"1957","obge"
"1958","ocd"
"1959","ocd2"
"1960","odha"
"1961","odhb"
"1962","ogt"
"1963","ohr"
"1964","ompc"
"1965","ompp"
"1966","ompr"
"1967","ompx"
"1968","opca"
"1969","oppb"
"1970","oppf"
"1971","oprm"
"1972","oprn"
"1973","oqxa"
"1974","oqxb"
"1975","orf1"
"1976","orf14"
"1977","orf1847"
"1978","orf2"
"1979","orf3"
"1980","orf3-qace-delta1"
"1981","orfa"
"1982","orfb"
"1983","orfd"
"1984","orn"
"1985","ospa"
"1986","ospb"
"1987","ospc1"
"1988","ospc2"
"1989","ospc4"
"1990","ospd1"
"1991","ospd3"
"1992","ospe1"
"1993","ospe2"
"1994","ospg"
"1995","ospi"
"1996","ospz"
"1997","otsa"
"1998","otsa-1"
"1999","otsb"
"2000","ovoa"
"2001","oxa"
"2002","oxa-10"
"2003","oxc"
"2004","oxlt"
"2005","paaa"
"2006","paaa_2"
"2007","paab"
"2008","paac"
"2009","paad"
"2010","paae"
"2011","paaf"
"2012","paag"
"2013","paai"
"2014","paaj"
"2015","paak"
"2016","paan"
"2017","paax"
"2018","paaz"
"2019","pabb"
"2020","paca"
"2021","pacb"
"2022","paer7im"
"2023","paer7in"
"2024","paer7ir"
"2025","pagl"
"2026","pagp"
"2027","pal"
"2028","panb"
"2029","panc"
"2030","pand"
"2031","pane"
"2032","paoa"
"2033","pap"
"2034","para"
"2035","para1"
"2036","parb"
"2037","parb_1"
"2038","parb_3"
"2039","parc"
"2040","pare"
"2041","pare-like"
"2042","parg"
"2043","parm"
"2044","parm_2"
"2045","parm/stba"
"2046","pbef"
"2047","pbpc"
"2048","pbpg"
"2049","pcab"
"2050","pcac"
"2051","pcad"
"2052","pcaf"
"2053","pcag"
"2054","pcah"
"2055","pcaq"
"2056","pcka"
"2057","pcnb"
"2058","pcoa"
"2059","pcob"
"2060","pcoc"
"2061","pcoc_2"
"2062","pcod"
"2063","pcoe"
"2064","pcor"
"2065","pcos"
"2066","pcp"
"2067","pcp_2"
"2068","pdcb"
"2069","pdem"
"2070","pdha"
"2071","pdxa"
"2072","pdxh"
"2073","pdxh_2"
"2074","pdxj"
"2075","pdxy"
"2076","peaa"
"2077","peab"
"2078","pead"
"2079","pedf"
"2080","pefa"
"2081","pefb"
"2082","pefc"
"2083","pefd"
"2084","pefi"
"2085","pelf"
"2086","pelg"
"2087","pemi"
"2088","pemk"
"2089","pepd"
"2090","pepe"
"2091","pepf"
"2092","pepn"
"2093","pepp"
"2094","pepq"
"2095","pept"
"2096","perb"
"2097","pet"
"2098","peta"
"2099","pfka"
"2100","pfkb"
"2101","pfla"
"2102","pflb"
"2103","pgaa"
"2104","pgab"
"2105","pgac"
"2106","pgad"
"2107","pgef"
"2108","pgi"
"2109","pgl"
"2110","pgla_1"
"2111","pgla_2"
"2112","pglc"
"2113","pglw"
"2114","pglx"
"2115","pglz"
"2116","pgm"
"2117","pgmb"
"2118","pgsa"
"2119","phac"
"2120","phap"
"2121","phaz"
"2122","phbb"
"2123","phd"
"2124","phea"
"2125","phes"
"2126","phet"
"2127","phha"
"2128","phna"
"2129","phnc"
"2130","phnd"
"2131","phne"
"2132","phnf"
"2133","phng"
"2134","phnh"
"2135","phnk"
"2136","phnl"
"2137","phnm"
"2138","phnn"
"2139","phnr"
"2140","phns"
"2141","phnt"
"2142","phnv"
"2143","phnw"
"2144","phny"
"2145","phoa"
"2146","phob"
"2147","phoe"
"2148","phoh"
"2149","phon2"
"2150","phop"
"2151","phoq"
"2152","phou"
"2153","phr"
"2154","phrb"
"2155","pic"
"2156","pifc"
"2157","pila"
"2158","pili"
"2159","pilj"
"2160","pilk"
"2161","pill"
"2162","pilm"
"2163","piln"
"2164","pilo"
"2165","pilo2"
"2166","pilp"
"2167","pilq"
"2168","pilr"
"2169","pils"
"2170","pilt"
"2171","pilu"
"2172","pilv"
"2173","pilv_1"
"2174","pilv_2"
"2175","pilv'"
"2176","pilw"
"2177","pin"
"2178","pine"
"2179","pip"
"2180","pita_2"
"2181","pld"
"2182","plda"
"2183","pldb"
"2184","plsx"
"2185","plsy"
"2186","pmba"
"2187","pmga"
"2188","pmgb"
"2189","pmgc"
"2190","pmgg"
"2191","pmgl"
"2192","pmgm"
"2193","pmgn"
"2194","pmgq"
"2195","pmgr"
"2196","pmgs"
"2197","pmgt"
"2198","pmgv"
"2199","pnca"
"2200","pncb"
"2201","pnda"
"2202","pndc"
"2203","pnp"
"2204","pntab_2"
"2205","pntb"
"2206","pntb_2"
"2207","poba"
"2208","pola"
"2209","polyb"
"2210","popa"
"2211","pota"
"2212","potb"
"2213","pote"
"2214","poxb"
"2215","poxta"
"2216","ppa"
"2217","ppc"
"2218","ppdk"
"2219","ppha_2"
"2220","ppic"
"2221","ppk1"
"2222","ppk2"
"2223","ppnn"
"2224","ppsa"
"2225","pqib"
"2226","pqqa"
"2227","pqqb"
"2228","pqqc"
"2229","pqqd"
"2230","pqqe"
"2231","pqqf"
"2232","pre"
"2233","prea"
"2234","prfa"
"2235","prfb"
"2236","prfc"
"2237","prfh"
"2238","prgb"
"2239","prgc"
"2240","prgp"
"2241","prgu"
"2242","pri"
"2243","prma"
"2244","prmb"
"2245","prmc"
"2246","pro"
"2247","proa"
"2248","prob"
"2249","proc"
"2250","prop"
"2251","proq"
"2252","prov"
"2253","prox"
"2254","prpb"
"2255","prpb_2"
"2256","prpc"
"2257","prpf"
"2258","prpr"
"2259","prs"
"2260","prt"
"2261","prtp"
"2262","prua"
"2263","psba"
"2264","pseb"
"2265","psec"
"2266","psef"
"2267","pseg"
"2268","pseh"
"2269","psei"
"2270","psia"
"2271","psia_1"
"2272","psia_2"
"2273","psia_3"
"2274","psia_4"
"2275","psia_5"
"2276","psia_6"
"2277","psib"
"2278","psib_1"
"2279","psib_2"
"2280","psib_3"
"2281","psib_4"
"2282","psib_5"
"2283","psib_6"
"2284","psie-gi"
"2285","pspa"
"2286","pspb"
"2287","pspc"
"2288","pspd"
"2289","pspf"
"2290","pssa"
"2291","psta"
"2292","pstb"
"2293","pstc"
"2294","psts"
"2295","pta"
"2296","pth"
"2297","ptsg"
"2298","ptsp"
"2299","ptxd"
"2300","pula"
"2301","pule_2"
"2302","pulg"
"2303","pulq"
"2304","purb"
"2305","purf"
"2306","purm"
"2307","purn"
"2308","purt"
"2309","puru"
"2310","puru-2_2"
"2311","puta"
"2312","putative para"
"2313","putp"
"2314","puue"
"2315","pxpa"
"2316","pxpb"
"2317","pyc"
"2318","pyk"
"2319","pyp"
"2320","pyrc"
"2321","pyre"
"2322","pyrf"
"2323","pyrg"
"2324","pyrh"
"2325","qac"
"2326","qacc"
"2327","qacedelta1"
"2328","qacg"
"2329","qacg2"
"2330","qack"
"2331","qacr"
"2332","qepa"
"2333","qhpc"
"2334","qnrs1"
"2335","qoxa"
"2336","qoxb"
"2337","qoxc"
"2338","qoxd"
"2339","quea"
"2340","quec"
"2341","qued"
"2342","quee"
"2343","quef"
"2344","rada"
"2345","radc"
"2346","radr"
"2347","rads"
"2348","raia"
"2349","rama"
"2350","rapa2"
"2351","rapz"
"2352","rard"
"2353","rbba"
"2354","rbfa"
"2355","rbsb"
"2356","rbsc"
"2357","rbsd"
"2358","rbsk"
"2359","rci"
"2360","rci_1"
"2361","rci_2"
"2362","rck"
"2363","rcla"
"2364","rclc"
"2365","rcna"
"2366","rcnr"
"2367","rdgb"
"2368","rdgc"
"2369","rdgc_2"
"2370","reca"
"2371","recb"
"2372","recc"
"2373","recd"
"2374","recf"
"2375","recg"
"2376","recj"
"2377","recn"
"2378","recq"
"2379","recr"
"2380","rect"
"2381","recu"
"2382","recx"
"2383","ref"
"2384","rela"
"2385","relb"
"2386","rele"
"2387","rele_1"
"2388","rele_2"
"2389","rele_3"
"2390","rep"
"2391","repa"
"2392","repa_1"
"2393","repa_2"
"2394","repa_3"
"2395","repa1"
"2396","repa1_2"
"2397","repa2"
"2398","repa4"
"2399","repb"
"2400","repb_1"
"2401","repb_2"
"2402","repb_3"
"2403","repb_4"
"2404","repb2"
"2405","repc"
"2406","repe"
"2407","rephi2"
"2408","repm"
"2409","repx"
"2410","res_1"
"2411","res_2"
"2412","resa"
"2413","resp"
"2414","rfae2"
"2415","rfah"
"2416","rfba"
"2417","rfbb"
"2418","rfbc"
"2419","rfbd"
"2420","rfbf"
"2421","rfbg"
"2422","rfbh"
"2423","rfbk2"
"2424","rffa"
"2425","rffc"
"2426","rffm"
"2427","rgy"
"2428","rhaa"
"2429","rhab"
"2430","rhad"
"2431","rhai"
"2432","rham"
"2433","rhas"
"2434","rhat"
"2435","rhlb"
"2436","rhmd"
"2437","rho"
"2438","rhtb"
"2439","rhtc"
"2440","riba"
"2441","ribb"
"2442","ribb_2"
"2443","ribba"
"2444","ribd"
"2445","ribh"
"2446","ric"
"2447","riha"
"2448","rimm"
"2449","rimo"
"2450","rimp"
"2451","ripac"
"2452","rlmb"
"2453","rlmc"
"2454","rlmd"
"2455","rlme"
"2456","rlmf"
"2457","rlmj"
"2458","rlmkl"
"2459","rlmn"
"2460","rlud"
"2461","rlue"
"2462","rluf"
"2463","rmpa"
"2464","rmpa2"
"2465","rmpc"
"2466","rmpd"
"2467","rmuc"
"2468","rnb"
"2469","rnc"
"2470","rnd"
"2471","rnha"
"2472","rnhb"
"2473","rnk"
"2474","rnpa"
"2475","rnr"
"2476","rns"
"2477","rns_1"
"2478","rnt"
"2479","rob_3"
"2480","rocd"
"2481","rocf"
"2482","roda"
"2483","rom"
"2484","rop"
"2485","rop_1"
"2486","rop_2"
"2487","roxa"
"2488","rpe"
"2489","rph"
"2490","rpia"
"2491","rpib"
"2492","rpla"
"2493","rplb"
"2494","rplc"
"2495","rpld"
"2496","rple"
"2497","rplf"
"2498","rpli"
"2499","rplj"
"2500","rplk"
"2501","rpll"
"2502","rplm"
"2503","rpln"
"2504","rplo"
"2505","rplp"
"2506","rplr"
"2507","rplt"
"2508","rplu"
"2509","rplv"
"2510","rplw"
"2511","rplx"
"2512","rpma"
"2513","rpmb"
"2514","rpmc"
"2515","rpmd"
"2516","rpme"
"2517","rpmf"
"2518","rpmg"
"2519","rpmh"
"2520","rpmi"
"2521","rpob"
"2522","rpoc"
"2523","rpod"
"2524","rpoe"
"2525","rpoh"
"2526","rpon"
"2527","rpon_2"
"2528","rpos"
"2529","rpoz"
"2530","rpsb"
"2531","rpsc"
"2532","rpse"
"2533","rpsf"
"2534","rpsg"
"2535","rpsh"
"2536","rpsi"
"2537","rpsj"
"2538","rpsl"
"2539","rpsn"
"2540","rpso"
"2541","rpsp"
"2542","rpsq"
"2543","rpsr"
"2544","rpss"
"2545","rpst"
"2546","rpsu"
"2547","rraa"
"2548","rsep"
"2549","rsga"
"2550","rsma"
"2551","rsmb"
"2552","rsmd"
"2553","rsmg"
"2554","rsmh"
"2555","rsmi"
"2556","rsp"
"2557","rsrim"
"2558","rsvb"
"2559","rtca"
"2560","rtcr"
"2561","ruta"
"2562","rutb"
"2563","rutc"
"2564","rutd"
"2565","rutf"
"2566","rutg"
"2567","rutr"
"2568","ruva"
"2569","ruvb"
"2570","ruvc"
"2571","ruvx"
"2572","saa"
"2573","safb"
"2574","sala"
"2575","sapa"
"2576","sapb"
"2577","sat2"
"2578","sat4"
"2579","sbma"
"2580","sbna"
"2581","sbnb"
"2582","sbnc"
"2583","sbng"
"2584","sbnh"
"2585","scpa"
"2586","scpb"
"2587","scrb"
"2588","scrr"
"2589","sctc"
"2590","sctf"
"2591","sctj"
"2592","sctl"
"2593","sctn"
"2594","sctp"
"2595","sctq"
"2596","sctr"
"2597","scts"
"2598","sctt"
"2599","sctu"
"2600","sctv"
"2601","sdaaa"
"2602","sdaab"
"2603","sdab"
"2604","sdha"
"2605","sdhc"
"2606","sdhd"
"2607","sea1"
"2608","seca"
"2609","seca2"
"2610","secb"
"2611","secd"
"2612","sece"
"2613","secf"
"2614","secg"
"2615","secy"
"2616","secy2"
"2617","sed"
"2618","sej"
"2619","sel30"
"2620","sela"
"2621","selb"
"2622","seld"
"2623","senb"
"2624","sepa"
"2625","ser"
"2626","sera"
"2627","sers"
"2628","ses"
"2629","set"
"2630","sfng"
"2631","shc"
"2632","shf"
"2633","shia"
"2634","shlb"
"2635","siac"
"2636","sigj"
"2637","sigl"
"2638","siiba"
"2639","siica"
"2640","sila"
"2641","silb"
"2642","silc"
"2643","sile"
"2644","sile_1"
"2645","sile_2"
"2646","silf"
"2647","silp"
"2648","silp_1"
"2649","silp_2"
"2650","silr"
"2651","sils"
"2652","simb"
"2653","simc"
"2654","sirb1"
"2655","sirb2"
"2656","sit"
"2657","sita"
"2658","sitb"
"2659","sitc"
"2660","sitd"
"2661","slma"
"2662","smc"
"2663","smpb"
"2664","sodbiii"
"2665","sodc"
"2666","sogs"
"2667","sohb"
"2668","sohb_1"
"2669","soj_1"
"2670","soj_2"
"2671","sola"
"2672","soli"
"2673","solr"
"2674","sopa"
"2675","sopa_1"
"2676","sopa_2"
"2677","sopa_3"
"2678","sopb"
"2679","sopb_1"
"2680","sopb_2"
"2681","soxa_2"
"2682","soxb"
"2683","soxb_3"
"2684","soxc"
"2685","soxd_2"
"2686","soxg_2"
"2687","soxr"
"2688","soxz"
"2689","spa13"
"2690","spa15"
"2691","spa24"
"2692","spa29"
"2693","spa32"
"2694","spa33"
"2695","spa40"
"2696","spal"
"2697","spaq"
"2698","spea"
"2699","speb"
"2700","spec"
"2701","sped"
"2702","spee1"
"2703","speg"
"2704","spo0c_1"
"2705","spo0c_2"
"2706","spo0f"
"2707","spot"
"2708","spovac"
"2709","spovad"
"2710","spovae"
"2711","sppa"
"2712","spva"
"2713","spvb"
"2714","spvc"
"2715","spvd"
"2716","spvr"
"2717","spxb"
"2718","srla"
"2719","srld"
"2720","srnb"
"2721","srnb'"
"2722","ssb"
"2723","ssb_1"
"2724","ssb_2"
"2725","ssb_3"
"2726","ssb_4"
"2727","ssb1"
"2728","ssba"
"2729","ssea"
"2730","sspa"
"2731","sstt"
"2732","ssuc"
"2733","ssud"
"2734","sta1"
"2735","sta2"
"2736","stba"
"2737","stba_1"
"2738","stba_2"
"2739","stba_3"
"2740","stba_4"
"2741","stbb"
"2742","stbb_1"
"2743","stbb_2"
"2744","stbb_3"
"2745","stbb_4"
"2746","stbb_5"
"2747","stbc"
"2748","stce"
"2749","stfq"
"2750","stha"
"2751","stra"
"2752","strb"
"2753","suca_2"
"2754","succ"
"2755","sucd"
"2756","sufb"
"2757","sufc"
"2758","sufd"
"2759","suge"
"2760","sul-1"
"2761","sul1"
"2762","sul2"
"2763","sul3"
"2764","suli"
"2765","sulii"
"2766","sulp"
"2767","sure"
"2768","syce"
"2769","sych"
"2770","sycn"
"2771","syct"
"2772","tada"
"2773","tag"
"2774","tagd"
"2775","tagf"
"2776","tagh"
"2777","tal"
"2778","tam"
"2779","tap"
"2780","tata"
"2781","tatb"
"2782","tatc"
"2783","tatd"
"2784","taua"
"2785","taud"
"2786","tcia"
"2787","tcmp"
"2788","tcrb"
"2789","tcry"
"2790","tcrz"
"2791","tcua"
"2792","tcub"
"2793","tcuc"
"2794","tcur"
"2795","tdh"
"2796","teha"
"2797","tehb"
"2798","teln"
"2799","tena"
"2800","ter"
"2801","tera"
"2802","terb"
"2803","terc"
"2804","terd"
"2805","tere"
"2806","ters"
"2807","terw"
"2808","tesa"
"2809","tet33"
"2810","tet36"
"2811","teta"
"2812","tetaa"
"2813","tetab"
"2814","tetar"
"2815","tetb"
"2816","tetc"
"2817","tetcb"
"2818","tetd"
"2819","tetdb"
"2820","tete"
"2821","tetg"
"2822","teth"
"2823","tetk"
"2824","tetl"
"2825","tetm"
"2826","teto"
"2827","tetr"
"2828","tetra"
"2829","tetrb"
"2830","tetrc"
"2831","tetrd"
"2832","tetrg"
"2833","tetrh"
"2834","tetx"
"2835","tgmb"
"2836","tgt"
"2837","thic"
"2838","thid"
"2839","thie"
"2840","thil"
"2841","thim"
"2842","thio"
"2843","this"
"2844","thpr"
"2845","thrc"
"2846","thrs"
"2847","thya"
"2848","thya2"
"2849","thyx"
"2850","tig"
"2851","tils"
"2852","tir"
"2853","tklg"
"2854","tkt"
"2855","tldd"
"2856","tmk"
"2857","tmpt"
"2858","tnia"
"2859","tnib"
"2860","tnim"
"2861","tniq"
"2862","tnp"
"2863","tnpa"
"2864","tnpa_10"
"2865","tnpa_11"
"2866","tnpa_12"
"2867","tnpa_13"
"2868","tnpa_7"
"2869","tnpa_8"
"2870","tnpa_9"
"2871","tnpb"
"2872","tnpc"
"2873","tnpi"
"2874","tnpm"
"2875","tnpr"
"2876","todj"
"2877","tola"
"2878","tolb"
"2879","tolq"
"2880","tolr"
"2881","topa"
"2882","topb"
"2883","tort"
"2884","toxb"
"2885","tpia"
"2886","tpx"
"2887","traa"
"2888","traa_1"
"2889","traa_2"
"2890","traa_3"
"2891","traa_4"
"2892","traa_5"
"2893","trab"
"2894","trab_1"
"2895","trab_2"
"2896","trab_3"
"2897","trab_4"
"2898","trac"
"2899","trac_1"
"2900","trac_2"
"2901","trac_3"
"2902","trac_4"
"2903","trac_5"
"2904","trac_6"
"2905","trad"
"2906","trad_1"
"2907","trad_2"
"2908","trad_3"
"2909","trad_4"
"2910","trad_5"
"2911","trad_6"
"2912","trad_7"
"2913","trae"
"2914","trae_1"
"2915","trae_2"
"2916","trae_3"
"2917","trae_4"
"2918","traf"
"2919","traf_1"
"2920","traf_2"
"2921","traf_3"
"2922","trag"
"2923","trag_1"
"2924","trag_2"
"2925","trag_3"
"2926","trag_4"
"2927","trah"
"2928","trah_1"
"2929","trah_2"
"2930","trah_3"
"2931","trai"
"2932","trai_1"
"2933","trai_2"
"2934","trai_3"
"2935","trai_4"
"2936","trai_5"
"2937","trai_6"
"2938","traj"
"2939","traj_1"
"2940","traj_2"
"2941","traj_3"
"2942","traj_4"
"2943","traj_5"
"2944","traj_6"
"2945","trak"
"2946","trak_1"
"2947","trak_2"
"2948","trak_3"
"2949","trak_4"
"2950","trak_5"
"2951","trak_6"
"2952","tral"
"2953","tral_1"
"2954","tral_2"
"2955","tral_3"
"2956","tral_4"
"2957","tram"
"2958","tram_1"
"2959","tram_2"
"2960","tram_3"
"2961","tram_4"
"2962","tram_5"
"2963","tran"
"2964","tran_1"
"2965","tran_2"
"2966","tran_3"
"2967","trao"
"2968","trao_1"
"2969","trao_2"
"2970","trap"
"2971","trap_1"
"2972","trap_2"
"2973","trap_3"
"2974","traq"
"2975","traq_1"
"2976","traq_2"
"2977","traq_3"
"2978","trar"
"2979","trar_1"
"2980","trar_2"
"2981","trar_3"
"2982","tras"
"2983","tras_1"
"2984","tras_2"
"2985","tras_3"
"2986","trat"
"2987","trat_1"
"2988","trat_2"
"2989","trat_3"
"2990","trat_4"
"2991","trau"
"2992","trau_1"
"2993","trau_2"
"2994","trau_3"
"2995","trau_4"
"2996","trav"
"2997","trav_1"
"2998","trav_2"
"2999","trav_3"
"3000","trav_4"
"3001","traw"
"3002","traw_1"
"3003","traw_2"
"3004","traw_3"
"3005","trax"
"3006","trax_1"
"3007","trax_2"
"3008","trax_3"
"3009","trax_4"
"3010","tray"
"3011","tray_1"
"3012","tray_2"
"3013","tray_3"
"3014","tray_4"
"3015","traz"
"3016","trba"
"3017","trba_1"
"3018","trba_2"
"3019","trbb"
"3020","trbb_1"
"3021","trbb_2"
"3022","trbb_3"
"3023","trbc"
"3024","trbc_1"
"3025","trbc_2"
"3026","trbc_3"
"3027","trbd"
"3028","trbd_1"
"3029","trbd_2"
"3030","trbd_3"
"3031","trbe"
"3032","trbe_1"
"3033","trbe_2"
"3034","trbe_3"
"3035","trbf"
"3036","trbf_1"
"3037","trbf_2"
"3038","trbg"
"3039","trbg_1"
"3040","trbg_2"
"3041","trbh"
"3042","trbi"
"3043","trbi_1"
"3044","trbi_2"
"3045","trbi_3"
"3046","trbj"
"3047","trbj_1"
"3048","trbj_2"
"3049","trbj_3"
"3050","trbk"
"3051","trbk-alt"
"3052","trbl"
"3053","trbm"
"3054","trbn"
"3055","trbp"
"3056","trea"
"3057","trec"
"3058","tref"
"3059","trer"
"3060","tres"
"3061","trey"
"3062","trez"
"3063","trfa"
"3064","trhb"
"3065","trhc"
"3066","trhf"
"3067","trhh"
"3068","trhi"
"3069","trhn"
"3070","trhu"
"3071","trhv"
"3072","trhw"
"3073","trkh"
"3074","trm10-1a"
"3075","trmb"
"3076","trml"
"3077","trmy"
"3078","trpa"
"3079","trpb"
"3080","trpc"
"3081","trpc_2"
"3082","trpd"
"3083","trpd_2"
"3084","trps"
"3085","trua"
"3086","trub"
"3087","trud"
"3088","trwl"
"3089","trx-gi"
"3090","trxa"
"3091","trxb"
"3092","trxc"
"3093","tsaa"
"3094","tsab"
"3095","tsad"
"3096","tsae"
"3097","tsda"
"3098","tsf"
"3099","tsh"
"3100","tsr_2"
"3101","tsr_3"
"3102","tssa"
"3103","tssb"
"3104","tssc"
"3105","tssd"
"3106","tsse"
"3107","tssf"
"3108","tssg"
"3109","tssh"
"3110","tssi"
"3111","tssj"
"3112","tssk"
"3113","tssl"
"3114","tssm"
"3115","ttca"
"3116","ttda"
"3117","ttdb"
"3118","ttdr"
"3119","ttra"
"3120","ttrb"
"3121","ttrc"
"3122","ttrr"
"3123","ttrs"
"3124","tub"
"3125","tuf"
"3126","tvib"
"3127","tyea"
"3128","typa"
"3129","tyrs"
"3130","tzs"
"3131","ubia"
"3132","ubib"
"3133","ubid"
"3134","ubie"
"3135","ubig"
"3136","ubij"
"3137","ubim"
"3138","uca"
"3139","ucpa_1"
"3140","ucpa_2"
"3141","udh"
"3142","udk"
"3143","udp"
"3144","ugpa"
"3145","ugpb"
"3146","ugpc"
"3147","ugpe"
"3148","ugpq"
"3149","uhpb"
"3150","ulx"
"3151","umuc"
"3152","umuc_1"
"3153","umuc_2"
"3154","umuc_3"
"3155","umud"
"3156","umud_1"
"3157","umud_2"
"3158","umud_3"
"3159","upf 30.5"
"3160","upf 54.8"
"3161","upfa"
"3162","upfb"
"3163","upp"
"3164","uppp"
"3165","upps"
"3166","urad"
"3167","urah"
"3168","ureb"
"3169","urec"
"3170","ureg"
"3171","urf2"
"3172","urta"
"3173","urtb"
"3174","urtc"
"3175","urtd"
"3176","urte"
"3177","usha"
"3178","uvia"
"3179","uvib"
"3180","uvra"
"3181","uvra_2"
"3182","uvrb"
"3183","uvrc"
"3184","uvrd"
"3185","uvry"
"3186","uxac"
"3187","uxua"
"3188","vana"
"3189","vanb"
"3190","vanr"
"3191","vany"
"3192","vanz"
"3193","vapb"
"3194","vapb_1"
"3195","vapc"
"3196","vapc_1"
"3197","vapc_2"
"3198","vctc"
"3199","vctd"
"3200","vctg"
"3201","vgrg"
"3202","viaa"
"3203","viea_2"
"3204","viod"
"3205","vira"
"3206","virb"
"3207","virb10"
"3208","virb11"
"3209","virb2"
"3210","virb5"
"3211","virb9"
"3212","vird1"
"3213","vird4"
"3214","virf"
"3215","virk"
"3216","vph"
"3217","vpst"
"3218","vsr"
"3219","waaa"
"3220","waab"
"3221","waac"
"3222","waac2"
"3223","wbda"
"3224","wbfy"
"3225","wbpm"
"3226","weca"
"3227","wecb"
"3228","wecc"
"3229","wrba"
"3230","wspc"
"3231","wzm"
"3232","wzt"
"3233","wzxe"
"3234","wzye"
"3235","wzze"
"3236","xdha"
"3237","xdhb"
"3238","xdhc"
"3239","xerc"
"3240","xerc_1"
"3241","xerc_2"
"3242","xerc_3"
"3243","xerc_4"
"3244","xerd"
"3245","xerd_2"
"3246","xerd_4"
"3247","xerd_6"
"3248","xers"
"3249","xis"
"3250","xni"
"3251","xpsf"
"3252","xrtb"
"3253","xrtd"
"3254","xrte"
"3255","xsc"
"3256","xsea"
"3257","xth"
"3258","xyla"
"3259","xylb"
"3260","xylcc"
"3261","xylf"
"3262","xylg"
"3263","xylh"
"3264","xylh_2"
"3265","yaca"
"3266","yacb"
"3267","yacc"
"3268","yacg"
"3269","yada"
"3270","yafb"
"3271","yafn"
"3272","yafv"
"3273","yajc"
"3274","yajd"
"3275","ybak"
"3276","ybdl"
"3277","ybdz"
"3278","ybgf"
"3279","ybii_1"
"3280","ybii_2"
"3281","ybta"
"3282","ybte"
"3283","ybtp"
"3284","ybtq"
"3285","ybts"
"3286","ybtt"
"3287","ybtu"
"3288","ybtx"
"3289","yccb"
"3290","yccs"
"3291","ycda"
"3292","ycdb"
"3293","ycfa"
"3294","ycga"
"3295","ycgb"
"3296","ycgz"
"3297","ycha"
"3298","ychf"
"3299","ychh"
"3300","ycib"
"3301","ycih"
"3302","ycja"
"3303","ycja_1"
"3304","ycja_2"
"3305","ycjg"
"3306","ydab"
"3307","ydba"
"3308","ydca"
"3309","ydda"
"3310","yddg"
"3311","ydea"
"3312","ydfa"
"3313","ydfa_1"
"3314","ydfa_2"
"3315","ydfg"
"3316","ydfz"
"3317","ydik"
"3318","ydji"
"3319","yeap_2"
"3320","yeda_2"
"3321","yefa"
"3322","yefm"
"3323","yegq"
"3324","yegs"
"3325","yeha"
"3326","yehd"
"3327","yeia"
"3328","yejk"
"3329","yfae"
"3330","yfbr"
"3331","yfcb"
"3332","yfcf"
"3333","yfda_1"
"3334","yfda_2"
"3335","yfda_3"
"3336","yfda_4"
"3337","yfda_5"
"3338","yfdx1"
"3339","yfdx2"
"3340","yfeb"
"3341","yghu"
"3342","ygjk"
"3343","yhby"
"3344","yhcr"
"3345","yhcr_1"
"3346","yhcr_2"
"3347","yhdj"
"3348","yhdj_1"
"3349","yhdj_2"
"3350","yhdj_3"
"3351","yhdj_4"
"3352","yhfa"
"3353","yhfc"
"3354","yhgd"
"3355","yhjh_2"
"3356","yhjh_3"
"3357","yiay"
"3358","yici"
"3359","yidc"
"3360","yidd"
"3361","yiga"
"3362","yigb"
"3363","yigl"
"3364","yiha"
"3365","yjcc_2"
"3366","yjcz"
"3367","yjff"
"3368","yjia"
"3369","yjjg"
"3370","yjjj"
"3371","ykff"
"3372","ykff_1"
"3373","ykff_2"
"3374","ykff_3"
"3375","ykff_5"
"3376","ykgo"
"3377","ylpa"
"3378","ylqf"
"3379","ymoa"
"3380","yncb"
"3381","yopb"
"3382","yopd"
"3383","yope"
"3384","yoph"
"3385","yopj"
"3386","yopk"
"3387","yopm"
"3388","yopn"
"3389","yopo"
"3390","yopr"
"3391","yopt"
"3392","ypka"
"3393","yqcf"
"3394","yqij"
"3395","yqij_1"
"3396","yqik"
"3397","yqik_1"
"3398","ysca"
"3399","yscb"
"3400","yscc"
"3401","yscd"
"3402","yscg"
"3403","yscj"
"3404","ysck"
"3405","yscl"
"3406","yscn"
"3407","ysco"
"3408","yscq"
"3409","yscr"
"3410","yscs"
"3411","ysct"
"3412","yscu"
"3413","yscw"
"3414","yscx"
"3415","yscy"
"3416","ysgd"
"3417","ytfe"
"3418","ytxj"
"3419","yubi_1"
"3420","yubi_2"
"3421","yubi_3"
"3422","yubp"
"3423","yuxj"
"3424","zapd"
"3425","zape"
"3426","ziga"
"3427","znua"
"3428","znub"
"3429","znuc"
"3430","znud2"
"3431","zora"
"3432","zwf"
